{
    "\"l\" before \"a/o\"": {
        "pattern": "(?<![ecgp])l(?=[ao])",
        "points": [
            [
                [
                    0,
                    0
                ],
                [
                    -0.006578947368421073,
                    -0.03947368421052633
                ],
                [
                    -0.03947368421052633,
                    -0.03947368421052633
                ],
                [
                    -0.03947368421052633,
                    -0.006578947368421073
                ],
                [
                    0,
                    0
                ]
            ]
        ]
    },
    "\"l\" before \"u\"": {
        "pattern": "l(?=.*u)",
        "points": [
            [
                [
                    0,
                    0
                ],
                [
                    0.013157894736842146,
                    -0.01315789473684209
                ],
                [
                    0.006578947368421018,
                    -0.03947368421052633
                ],
                [
                    -0.026315789473684237,
                    -0.03947368421052633
                ],
                [
                    -0.026315789473684237,
                    -0.019736842105263164
                ],
                [
                    0,
                    0
                ]
            ]
        ]
    },
    "\"r\" before \"a/o\"": {
        "pattern": "(?<![oea])r(?=[ao])",
        "points": [
            [
                [
                    0,
                    0
                ],
                [
                    -0.006578947368421073,
                    0.03947368421052633
                ],
                [
                    -0.03947368421052633,
                    0.03947368421052633
                ],
                [
                    -0.03947368421052633,
                    0.006578947368421018
                ],
                [
                    0,
                    0
                ]
            ]
        ]
    },
    "\"rn\" after \"o/a\"": {
        "pattern": "(?<=[ao])rn",
        "points": [
            [
                [
                    0,
                    0
                ],
                [
                    0.03947368421052633,
                    0.006578947368421018
                ],
                [
                    0.03947368421052633,
                    0.03947368421052633
                ],
                [
                    0.006578947368421018,
                    0.03947368421052633
                ],
                [
                    0,
                    0
                ]
            ],
            [
                [
                    0.02631578947368418,
                    0
                ],
                [
                    0.052631578947368474,
                    0.013157894736842146
                ],
                [
                    0.07236842105263153,
                    0.03947368421052633
                ],
                [
                    0.11184210526315785,
                    0.03947368421052633
                ],
                [
                    0.14473684210526316,
                    0
                ]
            ]
        ]
    },
    "Elevate \"eve-\"": {
        "pattern": "\\beve",
        "points": [
            [
                [
                    0,
                    0.07894736842105265
                ]
            ]
        ]
    },
    "Straight \"s\" after \"e/i\"": {
        "pattern": "(?<=[ei])s(?![hlr])",
        "points": [
            [
                [
                    0,
                    0.07894736842105265
                ],
                [
                    0,
                    0
                ]
            ]
        ]
    },
    "Suffix \"-eling\"": {
        "pattern": "eling\\b",
        "points": [
            [
                [
                    0,
                    0
                ],
                [
                    0.03947368421052633,
                    0.05921052631578949
                ]
            ],
            [
                [
                    0.03947368421052633,
                    0.05921052631578949
                ],
                [
                    0.05921052631578949,
                    0.07894736842105265
                ],
                [
                    0.07894736842105265,
                    0.06578947368421051
                ],
                [
                    0.07236842105263153,
                    0.03947368421052633
                ],
                [
                    0.046052631578947345,
                    0.03947368421052633
                ],
                [
                    0.03947368421052633,
                    0.05921052631578949
                ]
            ],
            [
                [
                    0.03947368421052633,
                    0.05921052631578949
                ],
                [
                    0.046052631578947345,
                    0.019736842105263164
                ],
                [
                    0.09868421052631582,
                    -0.03947368421052633
                ],
                [
                    0.17105263157894735,
                    -0.07236842105263158
                ]
            ]
        ]
    },
    "eling": {
        "pattern": "(?<=\\w{3})eling\\b",
        "points": [
            [
                [
                    0,
                    0
                ],
                [
                    0.03947368421052633,
                    0.05921052631578949
                ]
            ],
            [
                [
                    0.03947368421052633,
                    0.05921052631578949
                ],
                [
                    0.05921052631578949,
                    0.07894736842105265
                ],
                [
                    0.07894736842105265,
                    0.06578947368421051
                ],
                [
                    0.07236842105263153,
                    0.03947368421052633
                ],
                [
                    0.046052631578947345,
                    0.03947368421052633
                ],
                [
                    0.03947368421052633,
                    0.05921052631578949
                ]
            ],
            [
                [
                    0.03947368421052633,
                    0.05921052631578949
                ],
                [
                    0.046052631578947345,
                    0.019736842105263164
                ],
                [
                    0.09868421052631582,
                    -0.03947368421052633
                ],
                [
                    0.17105263157894735,
                    -0.07236842105263158
                ]
            ]
        ]
    }
}