{
    "Elevate \"eve-\"": {
        "pattern": "\\beve",
        "points": [
            [
                [
                    0,
                    0.07894736842105265
                ]
            ]
        ]
    },
    "Elevate \"th-\"": {
        "pattern": "\\bth",
        "points": [
            [
                [
                    0,
                    0.07894736842105265
                ]
            ]
        ]
    },
    "Elevate \"you-\"": {
        "pattern": "\\byou",
        "points": [
            [
                [
                    -0.03947368421052633,
                    0.14473684210526316
                ],
                [
                    0,
                    0.07894736842105265
                ]
            ]
        ]
    },
    "Suffix \"-ing\"": {
        "points": [
            [
                [
                    0,
                    0
                ],
                [
                    0.052631578947368474,
                    -0.07894736842105265
                ],
                [
                    0.13157894736842102,
                    -0.11842105263157893
                ]
            ]
        ],
        "pattern": "(?<=\\w{3})ing\\b"
    },
    "Suffix \"-ings\"": {
        "pattern": "ings\\b",
        "points": [
            [
                [
                    0,
                    0
                ],
                [
                    0.052631578947368474,
                    -0.07894736842105265
                ],
                [
                    0.13157894736842102,
                    -0.11842105263157893
                ]
            ],
            [
                [
                    0.13157894736842102,
                    -0.11842105263157893
                ],
                [
                    0.11842105263157898,
                    -0.1842105263157895
                ]
            ]
        ]
    },
    "Normal \"ay\" dipthong": {
        "points": [
            [
                [
                    0,
                    0
                ],
                [
                    0.09210526315789469,
                    -0.01315789473684209
                ],
                [
                    0.13157894736842102,
                    -0.07894736842105265
                ]
            ]
        ],
        "pattern": "(?<![dtjqmnv])(ay|ya)"
    },
    "Exception \"ay\" dipthong": {
        "points": [
            [
                [
                    0,
                    0
                ],
                [
                    0.03947368421052633,
                    -0.06578947368421051
                ],
                [
                    0.13157894736842102,
                    -0.07894736842105265
                ]
            ]
        ],
        "pattern": "(?<=[dtjqmnv])(ay|ya)"
    },
    "Normal \"ea/ae/ia/ai\" dipthong": {
        "points": [
            [
                [
                    0,
                    0
                ],
                [
                    0.07894736842105265,
                    0.013157894736842146
                ],
                [
                    0.13157894736842102,
                    0.07894736842105265
                ]
            ]
        ],
        "pattern": "(?<![mnpsyb])(ea|ae|ia|ai)"
    },
    "Exception \"ea/ae/ia/ai\" dipthong": {
        "points": [
            [
                [
                    0,
                    0
                ],
                [
                    0.03947368421052633,
                    0.06578947368421051
                ],
                [
                    0.13157894736842102,
                    0.07894736842105265
                ]
            ]
        ],
        "pattern": "(?<=[mnpsyb])(ea|ae|ia|ai)"
    },
    "Straight \"s\" after \"e/i\"": {
        "points": [
            [
                [
                    0,
                    0.07894736842105265
                ],
                [
                    0,
                    0
                ]
            ]
        ],
        "pattern": "(?<=[ei])s(?![hlr])"
    },
    "\"w\" after \"e/i\"": {
        "points": [
            [
                [
                    0,
                    0
                ],
                [
                    0.02631578947368418,
                    0.052631578947368474
                ],
                [
                    0,
                    0.07894736842105265
                ],
                [
                    -0.026315789473684237,
                    0.03947368421052633
                ]
            ]
        ],
        "pattern": "(?<=[ei])w"
    },
    "\"l\" before \"u\"": {
        "points": [
            [
                [
                    0,
                    0
                ],
                [
                    0.013157894736842146,
                    -0.01315789473684209
                ],
                [
                    0.006578947368421018,
                    -0.03947368421052633
                ],
                [
                    -0.026315789473684237,
                    -0.03947368421052633
                ],
                [
                    -0.026315789473684237,
                    -0.019736842105263164
                ],
                [
                    0,
                    0
                ]
            ]
        ],
        "pattern": "l(?=.*u)"
    },
    "\"r\" before \"a/o\"": {
        "points": [
            [
                [
                    0,
                    0
                ],
                [
                    -0.006578947368421073,
                    0.03947368421052633
                ],
                [
                    -0.03947368421052633,
                    0.03947368421052633
                ],
                [
                    -0.03947368421052633,
                    0.006578947368421018
                ],
                [
                    0,
                    0
                ]
            ]
        ],
        "pattern": "(?<![oa])r(?=[ao])"
    },
    "\"go\" after \"e/i\"": {
        "points": [
            [
                [
                    0.052631578947368474,
                    0.23684210526315785
                ],
                [
                    0.013157894736842146,
                    0.17105263157894735
                ],
                [
                    0,
                    0.11842105263157898
                ],
                [
                    0.013157894736842146,
                    0.06578947368421051
                ],
                [
                    0.046052631578947345,
                    0.019736842105263164
                ],
                [
                    0.09210526315789469,
                    0
                ]
            ],
            [
                [
                    0.09210526315789469,
                    0
                ],
                [
                    0.3157894736842105,
                    0
                ]
            ]
        ],
        "pattern": "(?<=[ei])go"
    },
    "\"r\" after \"a/o\"": {
        "points": [
            [
                [
                    0,
                    0
                ],
                [
                    0.03947368421052633,
                    0.006578947368421018
                ],
                [
                    0.03947368421052633,
                    0.03947368421052633
                ],
                [
                    0.006578947368421018,
                    0.03947368421052633
                ],
                [
                    0,
                    0
                ]
            ]
        ],
        "pattern": "(?<=[ao])r"
    },
    "\"l\" before \"a/o\"": {
        "points": [
            [
                [
                    0,
                    0
                ],
                [
                    -0.006578947368421073,
                    -0.03947368421052633
                ],
                [
                    -0.03947368421052633,
                    -0.03947368421052633
                ],
                [
                    -0.03947368421052633,
                    -0.006578947368421073
                ],
                [
                    0,
                    0
                ]
            ]
        ],
        "pattern": "(?<![ecgp])l(?=[ao])"
    },
    "\"a\" after \"ph\"": {
        "points": [
            [
                [
                    0,
                    0
                ],
                [
                    0.11842105263157898,
                    0
                ]
            ]
        ],
        "pattern": "(?<=ph)a"
    },
    "\"a\" after \"ch\"": {
        "points": [
            [
                [
                    0,
                    0
                ],
                [
                    0.11842105263157898,
                    0
                ]
            ]
        ],
        "pattern": "(?<=ch)a"
    },
    "\"a\" after \"sh\"": {
        "points": [
            [
                [
                    0,
                    0
                ],
                [
                    0.11842105263157898,
                    0
                ]
            ]
        ],
        "pattern": "(?<=sh)a"
    },
    "\"a\" after \"h\"": {
        "points": [
            [
                [
                    0,
                    0
                ],
                [
                    0.11842105263157898,
                    0
                ]
            ]
        ],
        "pattern": "(?<=h)a"
    },
    "\"a\" after \"phr\"": {
        "points": [
            [
                [
                    0,
                    0
                ],
                [
                    0.11842105263157898,
                    0
                ]
            ]
        ],
        "pattern": "(?<=phr)a"
    },
    "\"l\" after \"a/o\"": {
        "points": [
            [
                [
                    0,
                    0
                ],
                [
                    0.03947368421052633,
                    -0.006578947368421073
                ],
                [
                    0.03947368421052633,
                    -0.03947368421052633
                ],
                [
                    0.006578947368421018,
                    -0.03947368421052633
                ],
                [
                    0,
                    0
                ]
            ]
        ],
        "pattern": "(?<=[ao])l"
    },
    "\"rl\" before \"a/o\"": {
        "points": [
            [
                [
                    0,
                    0
                ],
                [
                    -0.006578947368421073,
                    0.03947368421052633
                ],
                [
                    -0.03947368421052633,
                    0.03947368421052633
                ],
                [
                    -0.03947368421052633,
                    0.006578947368421018
                ],
                [
                    0,
                    0
                ],
                [
                    0.03947368421052633,
                    -0.006578947368421073
                ],
                [
                    0.03947368421052633,
                    -0.03947368421052633
                ],
                [
                    0.006578947368421018,
                    -0.03947368421052633
                ],
                [
                    0,
                    0
                ]
            ]
        ],
        "pattern": "(?<!o)rl(?=.*[ao])"
    },
    "\"lr\" after \"a/o\"": {
        "points": [
            [
                [
                    0,
                    0
                ],
                [
                    -0.006578947368421073,
                    0.03947368421052633
                ],
                [
                    -0.03947368421052633,
                    0.03947368421052633
                ],
                [
                    -0.03947368421052633,
                    0.006578947368421018
                ],
                [
                    0,
                    0
                ],
                [
                    0.03947368421052633,
                    -0.006578947368421073
                ],
                [
                    0.03947368421052633,
                    -0.03947368421052633
                ],
                [
                    0.006578947368421018,
                    -0.03947368421052633
                ],
                [
                    0,
                    0
                ]
            ]
        ],
        "pattern": "(?<=[ao])lr"
    },
    "\"rl\" after \"a/o\"": {
        "points": [
            [
                [
                    0,
                    0
                ],
                [
                    0.03947368421052633,
                    0.006578947368421018
                ],
                [
                    0.03947368421052633,
                    0.03947368421052633
                ],
                [
                    0.006578947368421018,
                    0.03947368421052633
                ],
                [
                    0,
                    0
                ]
            ],
            [
                [
                    0,
                    0
                ],
                [
                    -0.006578947368421073,
                    -0.03947368421052633
                ],
                [
                    -0.03947368421052633,
                    -0.03947368421052633
                ],
                [
                    -0.03947368421052633,
                    -0.006578947368421073
                ],
                [
                    0,
                    0
                ]
            ]
        ],
        "pattern": "(?<=[ao])rl"
    },
    "\"rn\" after \"o/a\"": {
        "points": [
            [
                [
                    0,
                    0
                ],
                [
                    0.03947368421052633,
                    0.006578947368421018
                ],
                [
                    0.03947368421052633,
                    0.03947368421052633
                ],
                [
                    0.006578947368421018,
                    0.03947368421052633
                ],
                [
                    0,
                    0
                ]
            ],
            [
                [
                    0.02631578947368418,
                    0
                ],
                [
                    0.052631578947368474,
                    0.013157894736842146
                ],
                [
                    0.07236842105263153,
                    0.03947368421052633
                ],
                [
                    0.11184210526315785,
                    0.03947368421052633
                ],
                [
                    0.14473684210526316,
                    0
                ]
            ]
        ],
        "pattern": "(?<=[ao])rn"
    },
    "\"i\" after \"g\"": {
        "points": [
            [
                [
                    0,
                    0
                ],
                [
                    0.05921052631578949,
                    0.006578947368421018
                ],
                [
                    0.13815789473684215,
                    0.10526315789473684
                ]
            ],
            [
                [
                    0.13815789473684215,
                    0.14473684210526316
                ]
            ],
            [
                [
                    0.13815789473684215,
                    0.10526315789473684
                ]
            ]
        ],
        "pattern": "(?<=g)i"
    }
}