{
    "Elevate \"eve-\"": {
        "pattern": "\\beve",
        "points": [
            [
                [
                    0,
                    0.07894736842105265
                ]
            ]
        ]
    },
    "Elevate \"th-\"": {
        "pattern": "\\bth",
        "points": [
            [
                [
                    0,
                    0.07894736842105265
                ]
            ]
        ]
    },
    "Elevate \"you-\"": {
        "pattern": "\\byou",
        "points": [
            [
                [
                    -0.03947368421052633,
                    0.14473684210526316
                ],
                [
                    0,
                    0.07894736842105265
                ]
            ]
        ]
    },
    "Suffix \"-ing\"": {
        "points": [
            [
                [
                    0,
                    0
                ],
                [
                    0.052631578947368474,
                    -0.07894736842105265
                ],
                [
                    0.13157894736842102,
                    -0.11842105263157893
                ]
            ]
        ],
        "pattern": "ing\\b"
    },
    "Suffix \"-ings\"": {
        "pattern": "ings\\b",
        "points": [
            [
                [
                    0,
                    0
                ],
                [
                    0.052631578947368474,
                    -0.07894736842105265
                ],
                [
                    0.13157894736842102,
                    -0.11842105263157893
                ]
            ],
            [
                [
                    0.13157894736842102,
                    -0.11842105263157893
                ],
                [
                    0.11842105263157898,
                    -0.1842105263157895
                ]
            ]
        ]
    },
    "Normal \"ay\" dipthong": {
        "points": [
            [
                [
                    0,
                    0
                ],
                [
                    0.09210526315789469,
                    -0.01315789473684209
                ],
                [
                    0.13157894736842102,
                    -0.07894736842105265
                ]
            ]
        ],
        "pattern": "(?<![dtjqmnv])(ay|ya)"
    },
    "Exception \"ay\" dipthong": {
        "points": [
            [
                [
                    0,
                    0
                ],
                [
                    0.03947368421052633,
                    -0.06578947368421051
                ],
                [
                    0.13157894736842102,
                    -0.07894736842105265
                ]
            ]
        ],
        "pattern": "(?<=[dtjqmnv])(ay|ya)"
    },
    "Normal \"ea/ae/ia/ai\" dipthong": {
        "points": [
            [
                [
                    0,
                    0
                ],
                [
                    0.07894736842105265,
                    0.013157894736842146
                ],
                [
                    0.13157894736842102,
                    0.07894736842105265
                ]
            ]
        ],
        "pattern": "(?<![mnpsyb])(ea|ae|ia|ai)"
    },
    "Exception \"ea/ae/ia/ai\" dipthong": {
        "points": [
            [
                [
                    0,
                    0
                ],
                [
                    0.03947368421052633,
                    0.06578947368421051
                ],
                [
                    0.13157894736842102,
                    0.07894736842105265
                ]
            ]
        ],
        "pattern": "(?<=[mnpsyb])(ea|ae|ia|ai)"
    },
    "Straight \"s\" after \"e/i\"": {
        "points": [
            [
                [
                    0,
                    0.07894736842105265
                ],
                [
                    0,
                    0
                ]
            ]
        ],
        "pattern": "(?<=[ei])s(?![hlr])"
    },
    "\"f\" followed by \"e/i\"": {
        "points": [
            [
                [
                    -0.03947368421052633,
                    0.05921052631578949
                ],
                [
                    -0.01315789473684209,
                    0.07894736842105265
                ],
                [
                    0.013157894736842146,
                    0.052631578947368474
                ],
                [
                    -0.006578947368421073,
                    0
                ]
            ]
        ],
        "pattern": "f(?=[ei])"
    },
    "\"a\" after \"ph\"": {
        "points": [
            [
                [
                    0,
                    0
                ],
                [
                    0.11842105263157898,
                    0
                ]
            ]
        ],
        "pattern": "(?<=ph)a"
    },
    "\"a\" after \"phr\"": {
        "points": [
            [
                [
                    0,
                    0
                ],
                [
                    0.11842105263157898,
                    0
                ]
            ]
        ],
        "pattern": "(?<=phr)a"
    },
    "\"a\" after \"ph/sh\"": {
        "points": [
            [
                [
                    0,
                    0
                ],
                [
                    0.11842105263157898,
                    0
                ]
            ]
        ],
        "pattern": "(?:(?<=ph)|(?<=sh))a"
    },
    "\"e/i\" after \"c\"": {
        "points": [
            [
                [
                    0,
                    0
                ],
                [
                    0.03289473684210531,
                    0.006578947368421018
                ],
                [
                    0.06578947368421051,
                    0.03947368421052633
                ],
                [
                    0.09868421052631582,
                    0.08552631578947367
                ]
            ]
        ],
        "pattern": "(?<=c)[ei]"
    },
    "\"w\" after \"e/i\"": {
        "points": [
            [
                [
                    0,
                    0
                ],
                [
                    0.02631578947368418,
                    0.052631578947368474
                ],
                [
                    0,
                    0.07894736842105265
                ],
                [
                    -0.026315789473684237,
                    0.03947368421052633
                ]
            ]
        ],
        "pattern": "(?<=[ei])w"
    },
    "\"a\" after \"h\"": {
        "points": [
            [
                [
                    0,
                    0
                ],
                [
                    0.11842105263157898,
                    0
                ]
            ]
        ],
        "pattern": "(?<=h)a"
    },
    "Straight \"st\" after \"e/i\"": {
        "points": [
            [
                [
                    0,
                    0.07894736842105265
                ],
                [
                    0,
                    0
                ],
                [
                    0.02631578947368418,
                    -0.03947368421052633
                ],
                [
                    0.06578947368421051,
                    -0.03947368421052633
                ],
                [
                    0.09210526315789469,
                    0
                ]
            ]
        ],
        "pattern": "(?<=[ei])st(?![hlr])"
    }
}