{
    "\"l\" before \"u\"": {
        "pattern": "l(?=.*u)",
        "points": [
            [
                [
                    0,
                    0
                ],
                [
                    0.013157894736842146,
                    -0.01315789473684209
                ],
                [
                    0.006578947368421018,
                    -0.03947368421052633
                ],
                [
                    -0.026315789473684237,
                    -0.03947368421052633
                ],
                [
                    -0.026315789473684237,
                    -0.019736842105263164
                ],
                [
                    0,
                    0
                ]
            ]
        ]
    },
    "Elevate \"eve-\"": {
        "pattern": "\\beve",
        "points": [
            [
                [
                    0,
                    0.07894736842105265
                ]
            ]
        ]
    },
    "Elevate \"th-\"": {
        "pattern": "\\bth",
        "points": [
            [
                [
                    0,
                    0.07894736842105265
                ]
            ]
        ]
    },
    "Exception \"ay\" dipthong": {
        "pattern": "(?<=[dtjqmnv])(ay|ya)",
        "points": [
            [
                [
                    0,
                    0
                ],
                [
                    0.03947368421052633,
                    -0.06578947368421051
                ],
                [
                    0.13157894736842102,
                    -0.07894736842105265
                ]
            ]
        ]
    },
    "Exception \"ea/ae/ia/ai\" dipthong": {
        "pattern": "(?<=[mnpsyb])(ea|ae|ia|ai)",
        "points": [
            [
                [
                    0,
                    0
                ],
                [
                    0.03947368421052633,
                    0.06578947368421051
                ],
                [
                    0.13157894736842102,
                    0.07894736842105265
                ]
            ]
        ]
    },
    "Normal \"ay\" dipthong": {
        "pattern": "(?<![dtjqmnv])(ay|ya)",
        "points": [
            [
                [
                    0,
                    0
                ],
                [
                    0.09210526315789469,
                    -0.01315789473684209
                ],
                [
                    0.13157894736842102,
                    -0.07894736842105265
                ]
            ]
        ]
    },
    "Normal \"ea/ae/ia/ai\" dipthong": {
        "pattern": "(?<![mnpsyb])(ea|ae|ia|ai)",
        "points": [
            [
                [
                    0,
                    0
                ],
                [
                    0.07236842105263153,
                    0.013157894736842146
                ],
                [
                    0.13157894736842102,
                    0.07894736842105265
                ]
            ]
        ]
    },
    "Straight \"s\" after \"e/i\"": {
        "pattern": "(?<=[ei])s(?![hlr])",
        "points": [
            [
                [
                    0,
                    0.07894736842105265
                ],
                [
                    0,
                    0
                ]
            ]
        ]
    },
    "Suffix \"-eling\"": {
        "pattern": "eling\\b",
        "points": [
            [
                [
                    0,
                    0
                ],
                [
                    0.03947368421052633,
                    0.05921052631578949
                ]
            ],
            [
                [
                    0.03947368421052633,
                    0.05921052631578949
                ],
                [
                    0.05921052631578949,
                    0.07894736842105265
                ],
                [
                    0.07894736842105265,
                    0.06578947368421051
                ],
                [
                    0.07236842105263153,
                    0.03947368421052633
                ],
                [
                    0.046052631578947345,
                    0.03947368421052633
                ],
                [
                    0.03947368421052633,
                    0.05921052631578949
                ]
            ],
            [
                [
                    0.03947368421052633,
                    0.05921052631578949
                ],
                [
                    0.046052631578947345,
                    0.019736842105263164
                ],
                [
                    0.09868421052631582,
                    -0.03947368421052633
                ],
                [
                    0.17105263157894735,
                    -0.07236842105263158
                ]
            ]
        ]
    },
    "Suffix \"-ing\"": {
        "pattern": "(?<=\\w{3})ing\\b",
        "points": [
            [
                [
                    0,
                    0
                ],
                [
                    0.052631578947368474,
                    -0.07894736842105265
                ],
                [
                    0.13157894736842102,
                    -0.11842105263157893
                ]
            ]
        ]
    },
    "Suffix \"-ings\"": {
        "pattern": "ings\\b",
        "points": [
            [
                [
                    0,
                    0
                ],
                [
                    0.052631578947368474,
                    -0.07894736842105265
                ],
                [
                    0.13157894736842102,
                    -0.11842105263157893
                ]
            ],
            [
                [
                    0.13157894736842102,
                    -0.11842105263157893
                ],
                [
                    0.11842105263157898,
                    -0.1842105263157895
                ]
            ]
        ]
    },
    "eling": {
        "pattern": "(?<=\\w{3})eling\\b",
        "points": [
            [
                [
                    0,
                    0
                ],
                [
                    0.03947368421052633,
                    0.05921052631578949
                ]
            ],
            [
                [
                    0.03947368421052633,
                    0.05921052631578949
                ],
                [
                    0.05921052631578949,
                    0.07894736842105265
                ],
                [
                    0.07894736842105265,
                    0.06578947368421051
                ],
                [
                    0.07236842105263153,
                    0.03947368421052633
                ],
                [
                    0.046052631578947345,
                    0.03947368421052633
                ],
                [
                    0.03947368421052633,
                    0.05921052631578949
                ]
            ],
            [
                [
                    0.03947368421052633,
                    0.05921052631578949
                ],
                [
                    0.046052631578947345,
                    0.019736842105263164
                ],
                [
                    0.09868421052631582,
                    -0.03947368421052633
                ],
                [
                    0.17105263157894735,
                    -0.07236842105263158
                ]
            ]
        ]
    }
}