{
    "Elevate \"eve-\"": {
        "pattern": "\\beve",
        "points": [
            [
                [
                    0,
                    0.07894736842105265
                ]
            ]
        ]
    },
    "Elevate \"th-\"": {
        "pattern": "\\bth",
        "points": [
            [
                [
                    0,
                    0.07894736842105265
                ]
            ]
        ]
    },
    "Elevate \"you-\"": {
        "pattern": "\\byou",
        "points": [
            [
                [
                    -0.03947368421052633,
                    0.14473684210526316
                ],
                [
                    0,
                    0.07894736842105265
                ]
            ]
        ]
    },
    "Suffix \"-ing\"": {
        "pattern": "ing\\b",
        "points": [
            [
                [
                    0,
                    0
                ],
                [
                    0.052631578947368474,
                    -0.07894736842105265
                ],
                [
                    0.13157894736842102,
                    -0.11842105263157893
                ]
            ]
        ]
    },
    "Suffix \"-ings\"": {
        "pattern": "ings\\b",
        "points": [
            [
                [
                    0,
                    0
                ],
                [
                    0.052631578947368474,
                    -0.07894736842105265
                ],
                [
                    0.13157894736842102,
                    -0.11842105263157893
                ]
            ],
            [
                [
                    0.13157894736842102,
                    -0.11842105263157893
                ],
                [
                    0.11842105263157898,
                    -0.1842105263157895
                ]
            ]
        ]
    },
    "Normal \"ay\" dipthong": {
        "points": [
            [
                [
                    0,
                    0
                ],
                [
                    0.09210526315789469,
                    -0.01315789473684209
                ],
                [
                    0.13157894736842102,
                    -0.07894736842105265
                ]
            ]
        ],
        "pattern": "(?<![dtjqmnv])(ay|ya)"
    },
    "Exception \"ay\" dipthong": {
        "points": [
            [
                [
                    0,
                    0
                ],
                [
                    0.03947368421052633,
                    -0.06578947368421051
                ],
                [
                    0.13157894736842102,
                    -0.07894736842105265
                ]
            ]
        ],
        "pattern": "(?<=[dtjqmnv])(ay|ya)"
    },
    "Normal \"ea/ae/ia/ai\" dipthong": {
        "points": [
            [
                [
                    0,
                    0
                ],
                [
                    0.07894736842105265,
                    0.013157894736842146
                ],
                [
                    0.13157894736842102,
                    0.07894736842105265
                ]
            ]
        ],
        "pattern": "(?<![mnpsyb])(ea|ae|ia|ai)"
    },
    "Exception \"ea/ae/ia/ai\" dipthong": {
        "points": [
            [
                [
                    0,
                    0
                ],
                [
                    0.03947368421052633,
                    0.06578947368421051
                ],
                [
                    0.13157894736842102,
                    0.07894736842105265
                ]
            ]
        ],
        "pattern": "(?<=[mnpsyb])(ea|ae|ia|ai)"
    }
}