[
    {
        "regex": "(.)\\1+",
        "replacement": "$1",
        "name": "Remove consecutive duplicates"
    },
    {
        "name": "Omit \"a\" and \"o\" before \"m\" and \"n\"",
        "regex": "(?<!\\b)([ao])(?=[mn])",
        "replacement": ""
    },
    {
        "regex": "tch",
        "replacement": "ch",
        "name": "Omit \"t\" in \"tch\""
    },
    {
        "regex": "\\b(\\w{4,})ed\\b",
        "replacement": "\\1d",
        "name": "Omit \"e\" in \"-ed\" for > 5 char words"
    }
]