[
    {
        "name": "Remove consecutive duplicates",
        "regex": "(.)\\1+",
        "replacement": "$1"
    },
    {
        "name": "Omit \"t\" in \"tch\"",
        "regex": "tch",
        "replacement": "ch"
    },
    {
        "name": "Omit \"e\" in \"-ed\" for > 5 char words",
        "regex": "\\b(\\w{4,})ed\\b",
        "replacement": "$1d"
    },
    {
        "name": "Omit \"a/o\" before \"m/n\", with exceptions",
        "regex": "(?<!\\b|i)o(?=[mn])(?!n?s\\b)|(?<!\\b|i)a(?=[mn])",
        "replacement": ""
    }
]