{
    "a": [
        [
            [
                0.0,
                0.0
            ],
            [
                0.07894736842105265,
                0.0
            ]
        ]
    ],
    "b": [
        [
            [
                0.0,
                0.0
            ],
            [
                0.07894736842105265,
                0.10526315789473684
            ],
            [
                0.06578947368421055,
                0.19736842105263158
            ],
            [
                0.013157894736842094,
                0.0
            ]
        ]
    ],
    "c": [
        [
            [
                0.0,
                0.06578947368421051
            ],
            [
                -0.026315789473684237,
                0.07894736842105265
            ],
            [
                -0.05263157894736842,
                0.052631578947368474
            ],
            [
                -0.05263157894736842,
                0.013157894736842146
            ],
            [
                -0.026315789473684237,
                0.0
            ],
            [
                0.0,
                0.0
            ]
        ]
    ],
    "d": [
        [
            [
                0.0,
                0.06578947368421051
            ],
            [
                0.03947368421052633,
                0.02631578947368418
            ],
            [
                0.10526315789473684,
                0.0
            ],
            [
                0.17105263157894735,
                0.02631578947368418
            ],
            [
                0.21052631578947367,
                0.06578947368421051
            ]
        ]
    ],
    "e": [
        [
            [
                0.0,
                0.0
            ],
            [
                0.052631578947368474,
                0.06578947368421051
            ]
        ]
    ],
    "f": [
        [
            [
                0.0,
                0.06578947368421055
            ],
            [
                0.026315789473684188,
                0.07894736842105265
            ],
            [
                0.05263157894736847,
                0.05263157894736847
            ],
            [
                0.05263157894736847,
                0.013157894736842094
            ],
            [
                0.026315789473684188,
                0.0
            ],
            [
                0.0,
                0.0
            ]
        ]
    ],
    "g": [
        [
            [
                0.06578947368421051,
                0.21052631578947367
            ],
            [
                0.02631578947368418,
                0.17105263157894735
            ],
            [
                0.0,
                0.10526315789473684
            ],
            [
                0.02631578947368418,
                0.03947368421052633
            ],
            [
                0.06578947368421051,
                0.0
            ]
        ]
    ],
    "h": [
        [
            [
                0.0,
                0.0
            ],
            [
                0.052631578947368474,
                0.02631578947368418
            ],
            [
                0.052631578947368474,
                0.10526315789473684
            ],
            [
                0.0,
                0.13157894736842102
            ],
            [
                -0.05263157894736842,
                0.10526315789473684
            ],
            [
                -0.05263157894736842,
                0.02631578947368418
            ],
            [
                0.0,
                0.0
            ]
        ]
    ],
    "i": [
        [
            [
                0.0,
                0.0
            ],
            [
                0.052631578947368474,
                0.06578947368421051
            ]
        ],
        [
            [
                0.052631578947368474,
                0.09210526315789469
            ]
        ],
        [
            [
                0.052631578947368474,
                0.06578947368421051
            ]
        ]
    ],
    "j": [
        [
            [
                0.0,
                0.0
            ],
            [
                -0.026315789473684237,
                -0.15789473684210525
            ],
            [
                -0.06578947368421051,
                -0.15789473684210525
            ],
            [
                -0.026315789473684237,
                -0.06578947368421051
            ],
            [
                0.02631578947368418,
                0.0
            ]
        ]
    ],
    "k": [
        [
            [
                0.0,
                0.21052631578947367
            ],
            [
                0.03947368421052633,
                0.17105263157894735
            ],
            [
                0.06578947368421051,
                0.10526315789473684
            ],
            [
                0.03947368421052633,
                0.03947368421052633
            ],
            [
                0.0,
                0.0
            ]
        ]
    ],
    "l": [
        [
            [
                0.0,
                0.0
            ],
            [
                0.02631578947368418,
                -0.026315789473684237
            ],
            [
                0.0,
                -0.05263157894736842
            ],
            [
                -0.026315789473684237,
                -0.03947368421052633
            ],
            [
                0.0,
                0.0
            ]
        ]
    ],
    "m": [
        [
            [
                0.0,
                0.0
            ],
            [
                0.03947368421052633,
                0.03947368421052633
            ],
            [
                0.10526315789473684,
                0.06578947368421051
            ],
            [
                0.17105263157894735,
                0.03947368421052633
            ],
            [
                0.21052631578947367,
                0.0
            ]
        ]
    ],
    "n": [
        [
            [
                0.0,
                0.0
            ],
            [
                0.02631578947368418,
                0.02631578947368418
            ],
            [
                0.052631578947368474,
                0.02631578947368418
            ],
            [
                0.07894736842105265,
                0.0
            ]
        ]
    ],
    "o": [
        [
            [
                0.0,
                0.0
            ],
            [
                0.23684210526315785,
                0.0
            ]
        ]
    ],
    "p": [
        [
            [
                0.03947368421052628,
                0.23684210526315785
            ],
            [
                0.0,
                0.0
            ]
        ]
    ],
    "q": [
        [
            [
                0.0,
                0.09210526315789469
            ],
            [
                -0.05263157894736842,
                -0.01315789473684209
            ],
            [
                -0.026315789473684237,
                -0.14473684210526316
            ],
            [
                0.03947368421052633,
                -0.05263157894736842
            ],
            [
                0.0,
                0.09210526315789469
            ]
        ]
    ],
    "r": [
        [
            [
                0.0,
                0.0
            ],
            [
                0.02631578947368418,
                0.03947368421052633
            ],
            [
                0.0,
                0.052631578947368474
            ],
            [
                -0.026315789473684237,
                0.02631578947368418
            ],
            [
                0.0,
                0.0
            ]
        ]
    ],
    "s": [
        [
            [
                0.013157894736842094,
                0.06578947368421055
            ],
            [
                0.0,
                0.0
            ]
        ]
    ],
    "t": [
        [
            [
                0.0,
                0.0
            ],
            [
                0.02631578947368418,
                -0.026315789473684237
            ],
            [
                0.052631578947368474,
                -0.026315789473684237
            ],
            [
                0.07894736842105265,
                0.0
            ]
        ]
    ],
    "u": [
        [
            [
                0.0,
                0.0
            ],
            [
                0.23684210526315785,
                0.06578947368421051
            ]
        ]
    ],
    "v": [
        [
            [
                0.0,
                0.07894736842105265
            ],
            [
                0.0,
                -0.09210526315789475
            ],
            [
                0.03947368421052633,
                -0.15789473684210525
            ],
            [
                0.10526315789473684,
                0.07894736842105265
            ]
        ]
    ],
    "w": [
        [
            [
                0.05263157894736847,
                -0.06578947368421052
            ],
            [
                0.026315789473684188,
                -0.07894736842105265
            ],
            [
                0.0,
                -0.05263157894736842
            ],
            [
                0.0,
                -0.013157894736842094
            ],
            [
                0.026315789473684188,
                0.0
            ],
            [
                0.05263157894736847,
                0.0
            ]
        ]
    ],
    "x": [
        [
            [
                0.0,
                0.11842105263157898
            ],
            [
                -0.03947368421052633,
                0.07894736842105265
            ],
            [
                0.0,
                0.03947368421052633
            ],
            [
                -0.03947368421052633,
                0.0
            ]
        ]
    ],
    "y": [
        [
            [
                -0.039473684210526334,
                0.06578947368421051
            ],
            [
                0.0,
                0.0
            ]
        ]
    ],
    "z": [
        [
            [
                0.03947368421052633,
                0.07894736842105265
            ],
            [
                0.02631578947368418,
                0.02631578947368418
            ],
            [
                0.0,
                0.0
            ]
        ]
    ],
    "!": [
        [
            [
                0.0,
                0.1578947368421053
            ],
            [
                0.0,
                0.03947368421052633
            ]
        ],
        [
            [
                0.0,
                0.0
            ],
            [
                0.0,
                -0.01315789473684209
            ],
            [
                0.013157894736842146,
                0.0
            ],
            [
                0.0,
                0.0
            ]
        ]
    ],
    "?": [
        [
            [
                -0.03947368421052633,
                0.07894736842105265
            ],
            [
                -0.07894736842105265,
                0.11842105263157898
            ],
            [
                0.013157894736842146,
                0.1578947368421053
            ],
            [
                0.0,
                0.07894736842105265
            ],
            [
                -0.01315789473684209,
                0.02631578947368418
            ]
        ],
        [
            [
                -0.01315789473684209,
                0.0
            ],
            [
                0.0,
                0.0
            ],
            [
                -0.01315789473684209,
                -0.01315789473684209
            ],
            [
                -0.01315789473684209,
                0.0
            ]
        ]
    ],
    "1": [
        [
            [
                -0.026315789473684237,
                0.11842105263157898
            ],
            [
                0.0,
                0.1578947368421053
            ],
            [
                0.0,
                0.0
            ]
        ],
        [
            [
                -0.03947368421052633,
                0.0
            ],
            [
                0.03947368421052633,
                0.0
            ]
        ]
    ],
    "2": [
        [
            [
                -0.03947368421052633,
                0.11842105263157898
            ],
            [
                0.0,
                0.1578947368421053
            ],
            [
                0.02631578947368418,
                0.11842105263157898
            ],
            [
                0.0,
                0.0
            ],
            [
                -0.03947368421052633,
                0.02631578947368418
            ],
            [
                0.03947368421052633,
                0.0
            ]
        ]
    ],
    "3": [
        [
            [
                -0.01315789473684209,
                0.13157894736842102
            ],
            [
                -0.026315789473684237,
                0.13157894736842102
            ],
            [
                0.0,
                0.1578947368421053
            ],
            [
                0.02631578947368418,
                0.13157894736842102
            ],
            [
                0.0,
                0.07894736842105265
            ]
        ],
        [
            [
                0.0,
                0.07894736842105265
            ],
            [
                0.02631578947368418,
                0.03947368421052633
            ],
            [
                0.0,
                0.0
            ],
            [
                -0.026315789473684237,
                0.02631578947368418
            ],
            [
                -0.01315789473684209,
                0.02631578947368418
            ]
        ]
    ],
    ".": [
        [
            [
                0.0,
                0.0
            ],
            [
                0.013157894736842146,
                0.0
            ],
            [
                0.0,
                -0.01315789473684209
            ],
            [
                0.0,
                0.0
            ]
        ]
    ],
    "4": [
        [
            [
                -0.03947368421052633,
                0.1578947368421053
            ],
            [
                -0.03947368421052633,
                0.10526315789473684
            ],
            [
                0.013157894736842146,
                0.10526315789473684
            ],
            [
                0.02631578947368418,
                0.1578947368421053
            ]
        ],
        [
            [
                0.02631578947368418,
                0.1578947368421053
            ],
            [
                0.02631578947368418,
                0.0
            ]
        ]
    ],
    "5": [
        [
            [
                0.03947368421052633,
                0.1578947368421053
            ],
            [
                -0.026315789473684237,
                0.1578947368421053
            ]
        ],
        [
            [
                -0.026315789473684237,
                0.1578947368421053
            ],
            [
                -0.026315789473684237,
                0.07894736842105265
            ]
        ],
        [
            [
                -0.026315789473684237,
                0.07894736842105265
            ],
            [
                0.03947368421052633,
                0.07894736842105265
            ],
            [
                0.02631578947368418,
                0.013157894736842146
            ],
            [
                -0.026315789473684237,
                0.0
            ]
        ]
    ],
    "6": [
        [
            [
                0.02631578947368418,
                0.14473684210526316
            ],
            [
                0.0,
                0.1578947368421053
            ],
            [
                -0.026315789473684237,
                0.07894736842105265
            ],
            [
                0.0,
                0.0
            ],
            [
                0.03947368421052633,
                0.03947368421052633
            ],
            [
                0.0,
                0.03947368421052633
            ],
            [
                -0.01315789473684209,
                0.013157894736842146
            ]
        ]
    ],
    "7": [
        [
            [
                -0.03947368421052633,
                0.14473684210526316
            ],
            [
                0.052631578947368474,
                0.14473684210526316
            ],
            [
                0.0,
                0.0
            ]
        ]
    ],
    "8": [
        [
            [
                0.0,
                0.07894736842105265
            ],
            [
                0.03947368421052633,
                0.11842105263157898
            ],
            [
                0.0,
                0.1578947368421053
            ],
            [
                -0.03947368421052633,
                0.11842105263157898
            ],
            [
                0.0,
                0.07894736842105265
            ],
            [
                0.03947368421052633,
                0.03947368421052633
            ],
            [
                0.0,
                0.0
            ],
            [
                -0.03947368421052633,
                0.03947368421052633
            ],
            [
                0.0,
                0.07894736842105265
            ]
        ]
    ],
    "9": [
        [
            [
                0.0,
                0.0
            ],
            [
                0.02631578947368418,
                0.14473684210526316
            ],
            [
                -0.026315789473684237,
                0.14473684210526316
            ],
            [
                -0.01315789473684209,
                0.10526315789473684
            ],
            [
                0.02631578947368418,
                0.10526315789473684
            ]
        ]
    ],
    "0": [
        [
            [
                0.0,
                0.0
            ],
            [
                0.03947368421052633,
                0.02631578947368418
            ],
            [
                0.03947368421052633,
                0.13157894736842102
            ],
            [
                0.0,
                0.1578947368421053
            ],
            [
                -0.03947368421052633,
                0.13157894736842102
            ],
            [
                -0.03947368421052633,
                0.02631578947368418
            ],
            [
                0.0,
                0.0
            ]
        ]
    ],
    ",": [
        [
            [
                0.0,
                0.0
            ],
            [
                0.0,
                -0.01315789473684209
            ],
            [
                -0.01315789473684209,
                -0.026315789473684237
            ]
        ]
    ],
    ";": [
        [
            [
                0.0,
                0.0
            ],
            [
                0.0,
                -0.01315789473684209
            ],
            [
                -0.01315789473684209,
                -0.026315789473684237
            ]
        ],
        [
            [
                0.0,
                0.02631578947368418
            ],
            [
                -0.01315789473684209,
                0.02631578947368418
            ],
            [
                0.0,
                0.03947368421052633
            ],
            [
                0.0,
                0.02631578947368418
            ]
        ]
    ],
    ":": [
        [
            [
                0.0,
                0.02631578947368418
            ],
            [
                0.0,
                0.03947368421052633
            ],
            [
                -0.01315789473684209,
                0.02631578947368418
            ],
            [
                0.0,
                0.02631578947368418
            ]
        ],
        [
            [
                0.0,
                0.0
            ],
            [
                0.0,
                0.013157894736842146
            ],
            [
                -0.01315789473684209,
                0.0
            ],
            [
                0.0,
                0.0
            ]
        ]
    ],
    "oa": [
        [
            [
                0.0,
                0.0
            ],
            [
                0.23684210526315785,
                0.0
            ]
        ],
        [
            [
                0.1578947368421053,
                0.07894736842105265
            ],
            [
                0.23684210526315785,
                0.07894736842105265
            ]
        ],
        [
            [
                0.23684210526315785,
                0.0
            ]
        ]
    ],
    "\"": [
        [
            [
                -0.01315789473684209,
                0.11842105263157898
            ],
            [
                -0.01315789473684209,
                0.06578947368421051
            ]
        ],
        [
            [
                0.013157894736842146,
                0.11842105263157898
            ],
            [
                0.013157894736842146,
                0.06578947368421051
            ]
        ]
    ],
    "gr": [
        [
            [
                0.06578947368421051,
                0.21052631578947367
            ],
            [
                0.02631578947368418,
                0.17105263157894735
            ],
            [
                0.0,
                0.10526315789473684
            ],
            [
                0.02631578947368418,
                0.03947368421052633
            ],
            [
                0.07894736842105265,
                0.0
            ]
        ],
        [
            [
                0.07894736842105265,
                0.0
            ],
            [
                0.10526315789473684,
                0.03947368421052633
            ],
            [
                0.07894736842105265,
                0.052631578947368474
            ],
            [
                0.052631578947368474,
                0.02631578947368418
            ],
            [
                0.07894736842105265,
                0.0
            ]
        ]
    ],
    "qu": [
        [
            [
                0.0,
                0.09210526315789469
            ],
            [
                -0.05263157894736842,
                -0.01315789473684209
            ],
            [
                -0.026315789473684237,
                -0.14473684210526316
            ],
            [
                0.03947368421052633,
                -0.05263157894736842
            ],
            [
                0.0,
                0.09210526315789469
            ]
        ]
    ]
}