{
    "Elevate \"th-\"": {
        "points": [
            [
                [
                    0.0,
                    0.07894736842105265
                ]
            ]
        ],
        "pattern": "\\bth"
    },
    "Elevate \"eve-\"": {
        "points": [
            [
                [
                    0.0,
                    0.07894736842105265
                ]
            ]
        ],
        "pattern": "\\beve"
    },
    "Elevate \"you-\"": {
        "points": [
            [
                [
                    -0.03947368421052633,
                    0.14473684210526316
                ],
                [
                    0.0,
                    0.07894736842105265
                ]
            ]
        ],
        "pattern": "\\byou"
    },
    "Suffix \"-ings\"": {
        "points": [
            [
                [
                    0.0,
                    0.0
                ],
                [
                    0.052631578947368474,
                    -0.07894736842105265
                ],
                [
                    0.13157894736842102,
                    -0.11842105263157893
                ]
            ],
            [
                [
                    0.13157894736842102,
                    -0.11842105263157893
                ],
                [
                    0.11842105263157898,
                    -0.1842105263157895
                ]
            ]
        ],
        "pattern": "ings\\b"
    },
    "\"ea\" dipthong": {
        "points": [
            [
                [
                    0.0,
                    0.0
                ],
                [
                    0.07894736842105265,
                    0.013157894736842146
                ],
                [
                    0.13157894736842102,
                    0.06578947368421051
                ]
            ]
        ],
        "pattern": "(?<![mnpsyb])ea"
    },
    "\"ay\" dipthong": {
        "points": [
            [
                [
                    0.0,
                    0.0
                ],
                [
                    0.07894736842105265,
                    -0.01315789473684209
                ],
                [
                    0.11842105263157898,
                    -0.06578947368421051
                ]
            ]
        ],
        "pattern": "(?<![dtjqmnv])ay"
    },
    "Suffix \"-ing\"": {
        "points": [
            [
                [
                    0.0,
                    0.0
                ],
                [
                    0.052631578947368474,
                    -0.07894736842105265
                ],
                [
                    0.13157894736842102,
                    -0.11842105263157893
                ]
            ]
        ],
        "pattern": "ing\\b"
    }
}